{
	"Brawlers" : [
		{
			"name" : "Flame Magician",
			"type" : "fire",
			"stats" : {
				"health" : 75,
				"attack" : 114,
				"defense" : 100,
				"speed" : 104
			},
			"abilities" : [
				{
					"name" : "flame burst",
					"type" : "fire",
					"damage" : 75
				},
				{
					"name" : "magic flash",
					"type" : "lightning",
					"damage" : 60
				}
			]
		},
		{
			"name" : "Water Wrestler",
			"type" : "water",
			"stats" : {
				"health" : 100,
				"attack" : 100,
				"defense" : 90,
				"speed" : 60
			},
			"abilities" : [
				{
					"name" : "wet willy",
					"type" : "water",
					"damage" : 90
				},
				{
					"name" : "mud dive",
					"type" : "earth",
					"damage" :75				
				} 
			]
		},
		{
			"name" : "Thunder Thumper",
			"type" : "lightning",
			"stats" : {
				"health" : 79,
				"attack" : 110,
				"defense" : 75,
				"speed" : 111
			},
			"abilities" : [
				{
					"name" : "static shock",
					"type" : "lightning",
					"damage" : 80
				},
				{
					"name" : "ballistic belch",
					"type" : "air",
					"damage" : 65

				}
			]
		}
	]	
}